curTime, newWaiters, rejected, lineSize
0, 30, 0, 30
1, 24, 0, 26
2, 29, 0, 29
3, 29, 0, 30
4, 32, 0, 34
5, 21, 0, 27
6, 23, 0, 23
7, 29, 0, 29
8, 22, 0, 23
9, 26, 0, 26
10, 25, 0, 25
11, 26, 0, 26
12, 23, 0, 23
13, 25, 0, 25
14, 34, 0, 34
15, 32, 0, 38
16, 27, 0, 37
17, 28, 0, 37
18, 20, 0, 29
19, 26, 0, 27
20, 15, 0, 15
21, 21, 0, 21
22, 20, 0, 20
23, 29, 0, 29
24, 20, 0, 21
25, 24, 0, 24
26, 19, 0, 19
27, 19, 0, 19
28, 42, 0, 42
29, 21, 0, 35
30, 25, 0, 32
31, 30, 0, 34
32, 26, 0, 32
33, 22, 0, 26
34, 27, 0, 27
35, 25, 0, 25
36, 25, 0, 25
37, 35, 0, 35
38, 22, 0, 29
39, 29, 0, 30
40, 25, 0, 27
41, 29, 0, 29
42, 24, 0, 25
43, 31, 0, 31
44, 22, 0, 25
45, 23, 0, 23
46, 29, 0, 29
47, 32, 0, 33
48, 18, 0, 23
49, 33, 0, 33
50, 25, 0, 30
51, 18, 0, 20
52, 21, 0, 21
53, 27, 0, 27
54, 31, 0, 31
55, 23, 0, 26
56, 18, 0, 18
57, 15, 0, 15
58, 24, 0, 24
59, 18, 0, 18
60, 21, 0, 21
61, 35, 0, 35
62, 32, 0, 39
63, 30, 0, 41
64, 22, 0, 35
65, 25, 0, 32
66, 23, 0, 27
67, 28, 0, 28
68, 25, 0, 25
69, 27, 0, 27
70, 25, 0, 25
71, 17, 0, 17
72, 24, 0, 24
73, 33, 0, 33
74, 33, 0, 38
75, 28, 0, 38
76, 22, 0, 32
77, 28, 0, 32
78, 27, 0, 31
79, 23, 0, 26
80, 27, 0, 27
81, 20, 0, 20
82, 24, 0, 24
83, 31, 0, 31
84, 30, 0, 33
85, 23, 0, 28
86, 21, 0, 21
87, 31, 0, 31
88, 23, 0, 26
89, 27, 0, 27
90, 34, 0, 34
91, 26, 0, 32
92, 27, 0, 31
93, 30, 0, 33
94, 24, 0, 29
95, 32, 0, 33
96, 24, 0, 29
97, 29, 0, 30
98, 27, 0, 29
99, 32, 0, 33
100, 25, 0, 30
101, 21, 0, 23
102, 34, 0, 34
103, 32, 0, 38
104, 20, 0, 30
105, 31, 0, 33
106, 27, 0, 32
107, 24, 0, 28
108, 26, 0, 26
109, 22, 0, 22
110, 29, 0, 29
111, 22, 0, 23
112, 24, 0, 24
113, 21, 0, 21
114, 21, 0, 21
115, 22, 0, 22
116, 26, 0, 26
117, 24, 0, 24
118, 20, 0, 20
119, 32, 0, 32
120, 37, 0, 41
121, 37, 0, 50
122, 45, 0, 67
123, 50, 0, 89
124, 60, 0, 121
125, 55, 0, 148
126, 48, 0, 168
127, 43, 0, 183
128, 49, 0, 204
129, 43, 0, 219
130, 41, 0, 232
131, 40, 0, 244
132, 46, 0, 262
133, 40, 0, 274
134, 38, 0, 284
135, 49, 0, 305
136, 37, 0, 314
137, 50, 0, 336
138, 38, 0, 346
139, 49, 0, 367
140, 36, 0, 375
141, 56, 0, 403
142, 34, 0, 409
143, 45, 0, 426
144, 39, 0, 437
145, 40, 0, 449
146, 51, 0, 472
147, 49, 0, 493
148, 48, 0, 513
149, 58, 0, 543
150, 47, 0, 562
151, 50, 0, 584
152, 36, 0, 592
153, 38, 0, 602
154, 45, 0, 619
155, 36, 0, 627
156, 35, 0, 634
157, 39, 0, 645
158, 44, 0, 661
159, 51, 0, 684
160, 46, 0, 702
161, 50, 0, 724
162, 34, 0, 730
163, 38, 0, 740
164, 77, 0, 789
165, 39, 0, 800
166, 53, 25, 800
167, 37, 9, 800
168, 65, 37, 800
169, 35, 7, 800
170, 53, 25, 800
171, 35, 7, 800
172, 28, 0, 800
173, 55, 27, 800
174, 46, 18, 800
175, 39, 11, 800
176, 38, 10, 800
177, 43, 15, 800
178, 54, 26, 800
179, 51, 23, 800
180, 42, 14, 800
181, 46, 18, 800
182, 46, 18, 800
183, 44, 16, 800
184, 48, 20, 800
185, 37, 9, 800
186, 45, 17, 800
187, 50, 22, 800
188, 41, 13, 800
189, 62, 34, 800
190, 46, 18, 800
191, 53, 25, 800
192, 49, 21, 800
193, 47, 19, 800
194, 33, 5, 800
195, 49, 21, 800
196, 51, 23, 800
197, 55, 27, 800
198, 53, 25, 800
199, 51, 23, 800
200, 59, 31, 800
201, 49, 21, 800
202, 54, 26, 800
203, 60, 32, 800
204, 48, 20, 800
205, 45, 17, 800
206, 38, 10, 800
207, 51, 23, 800
208, 53, 25, 800
209, 36, 8, 800
210, 47, 19, 800
211, 40, 12, 800
212, 47, 19, 800
213, 40, 12, 800
214, 48, 20, 800
215, 42, 14, 800
216, 42, 14, 800
217, 40, 12, 800
218, 35, 7, 800
219, 47, 19, 800
220, 40, 12, 800
221, 47, 19, 800
222, 45, 17, 800
223, 58, 30, 800
224, 41, 13, 800
225, 46, 18, 800
226, 49, 21, 800
227, 37, 9, 800
228, 44, 16, 800
229, 46, 18, 800
230, 56, 28, 800
231, 44, 16, 800
232, 42, 14, 800
233, 52, 24, 800
234, 44, 16, 800
235, 28, 0, 800
236, 42, 14, 800
237, 47, 19, 800
238, 51, 23, 800
239, 40, 12, 800
240, 48, 20, 800
241, 45, 17, 800
242, 45, 17, 800
243, 41, 13, 800
244, 49, 21, 800
245, 39, 11, 800
246, 47, 19, 800
247, 34, 6, 800
248, 43, 15, 800
249, 48, 20, 800
250, 48, 20, 800
251, 47, 19, 800
252, 42, 14, 800
253, 39, 11, 800
254, 47, 19, 800
255, 47, 19, 800
256, 49, 21, 800
257, 42, 14, 800
258, 49, 21, 800
259, 39, 11, 800
260, 55, 27, 800
261, 48, 20, 800
262, 47, 19, 800
263, 41, 13, 800
264, 45, 17, 800
265, 36, 8, 800
266, 41, 13, 800
267, 53, 25, 800
268, 48, 20, 800
269, 36, 8, 800
270, 37, 9, 800
271, 42, 14, 800
272, 46, 18, 800
273, 46, 18, 800
274, 48, 20, 800
275, 41, 13, 800
276, 50, 22, 800
277, 41, 13, 800
278, 42, 14, 800
279, 39, 11, 800
280, 60, 32, 800
281, 28, 0, 800
282, 51, 23, 800
283, 42, 14, 800
284, 39, 11, 800
285, 44, 16, 800
286, 57, 29, 800
287, 55, 27, 800
288, 50, 22, 800
289, 48, 20, 800
290, 37, 9, 800
291, 48, 20, 800
292, 43, 15, 800
293, 50, 22, 800
294, 56, 28, 800
295, 54, 26, 800
296, 52, 24, 800
297, 39, 11, 800
298, 50, 22, 800
299, 46, 18, 800
300, 32, 4, 800
301, 43, 15, 800
302, 43, 15, 800
303, 42, 14, 800
304, 35, 7, 800
305, 36, 8, 800
306, 29, 1, 800
307, 31, 3, 800
308, 42, 14, 800
309, 35, 7, 800
310, 34, 6, 800
311, 41, 13, 800
312, 35, 7, 800
313, 32, 4, 800
314, 30, 2, 800
315, 38, 10, 800
316, 38, 10, 800
317, 29, 1, 800
318, 36, 8, 800
319, 35, 7, 800
320, 41, 13, 800
321, 38, 10, 800
322, 30, 2, 800
323, 30, 2, 800
324, 35, 7, 800
325, 28, 0, 800
326, 29, 1, 800
327, 33, 5, 800
328, 32, 4, 800
329, 44, 16, 800
330, 43, 15, 800
331, 37, 9, 800
332, 41, 13, 800
333, 40, 12, 800
334, 35, 7, 800
335, 32, 4, 800
336, 33, 5, 800
337, 37, 9, 800
338, 36, 8, 800
339, 31, 3, 800
340, 29, 1, 800
341, 27, 0, 799
342, 28, 0, 799
343, 37, 8, 800
344, 33, 5, 800
345, 32, 4, 800
346, 32, 4, 800
347, 27, 0, 799
348, 34, 5, 800
349, 44, 16, 800
350, 36, 8, 800
351, 31, 3, 800
352, 37, 9, 800
353, 39, 11, 800
354, 35, 7, 800
355, 29, 1, 800
356, 42, 14, 800
357, 37, 9, 800
358, 35, 7, 800
359, 30, 2, 800
360, 36, 8, 800
361, 34, 6, 800
362, 41, 13, 800
363, 33, 5, 800
364, 31, 3, 800
365, 32, 4, 800
366, 39, 11, 800
367, 37, 9, 800
368, 48, 20, 800
369, 32, 4, 800
370, 43, 15, 800
371, 29, 1, 800
372, 34, 6, 800
373, 21, 0, 793
374, 40, 5, 800
375, 39, 11, 800
376, 32, 4, 800
377, 28, 0, 800
378, 42, 14, 800
379, 38, 10, 800
380, 26, 0, 798
381, 34, 4, 800
382, 49, 21, 800
383, 38, 10, 800
384, 30, 2, 800
385, 34, 6, 800
386, 42, 14, 800
387, 27, 0, 799
388, 28, 0, 799
389, 33, 4, 800
390, 32, 4, 800
391, 37, 9, 800
392, 40, 12, 800
393, 28, 0, 800
394, 26, 0, 798
395, 26, 0, 796
396, 34, 2, 800
397, 40, 12, 800
398, 38, 10, 800
399, 34, 6, 800
400, 28, 0, 800
401, 36, 8, 800
402, 36, 8, 800
403, 35, 7, 800
404, 36, 8, 800
405, 33, 5, 800
406, 32, 4, 800
407, 42, 14, 800
408, 34, 6, 800
409, 29, 1, 800
410, 36, 8, 800
411, 35, 7, 800
412, 37, 9, 800
413, 36, 8, 800
414, 31, 3, 800
415, 41, 13, 800
416, 26, 0, 798
417, 27, 0, 797
418, 44, 13, 800
419, 29, 1, 800
420, 25, 0, 797
421, 21, 0, 790
422, 30, 0, 792
423, 22, 0, 786
424, 23, 0, 781
425, 31, 0, 784
426, 23, 0, 779
427, 29, 0, 780
428, 27, 0, 779
429, 16, 0, 767
430, 22, 0, 761
431, 29, 0, 762
432, 26, 0, 760
433, 30, 0, 762
434, 22, 0, 756
435, 21, 0, 749
436, 21, 0, 742
437, 26, 0, 740
438, 19, 0, 731
439, 27, 0, 730
440, 29, 0, 731
441, 28, 0, 731
442, 21, 0, 724
443, 24, 0, 720
444, 22, 0, 714
445, 24, 0, 710
446, 21, 0, 703
447, 23, 0, 698
448, 25, 0, 695
449, 20, 0, 687
450, 26, 0, 685
451, 15, 0, 672
452, 23, 0, 667
453, 23, 0, 662
454, 22, 0, 656
455, 28, 0, 656
456, 22, 0, 650
457, 27, 0, 649
458, 25, 0, 646
459, 32, 0, 650
460, 27, 0, 649
461, 29, 0, 650
462, 27, 0, 649
463, 22, 0, 643
464, 27, 0, 642
465, 13, 0, 627
466, 25, 0, 624
467, 30, 0, 626
468, 26, 0, 624
469, 27, 0, 623
470, 25, 0, 620
471, 24, 0, 616
472, 23, 0, 611
473, 28, 0, 611
474, 29, 0, 612
475, 27, 0, 611
476, 20, 0, 603
477, 16, 0, 591
478, 18, 0, 581
479, 27, 0, 580
480, 21, 0, 573
481, 26, 0, 571
482, 28, 0, 571
483, 26, 0, 569
484, 11, 0, 552
485, 13, 0, 537
486, 22, 0, 531
487, 22, 0, 525
488, 27, 0, 524
489, 30, 0, 526
490, 20, 0, 518
491, 23, 0, 513
492, 27, 0, 512
493, 31, 0, 515
494, 27, 0, 514
495, 22, 0, 508
496, 31, 0, 511
497, 21, 0, 504
498, 20, 0, 496
499, 25, 0, 493
500, 30, 0, 495
501, 27, 0, 494
502, 32, 0, 498
503, 21, 0, 491
504, 24, 0, 487
505, 28, 0, 487
506, 31, 0, 490
507, 25, 0, 487
508, 28, 0, 487
509, 33, 0, 492
510, 21, 0, 485
511, 32, 0, 489
512, 25, 0, 486
513, 33, 0, 491
514, 25, 0, 488
515, 25, 0, 485
516, 33, 0, 490
517, 29, 0, 491
518, 29, 0, 492
519, 26, 0, 490
520, 27, 0, 489
521, 39, 0, 500
522, 33, 0, 505
523, 23, 0, 500
524, 31, 0, 503
525, 26, 0, 501
526, 27, 0, 500
527, 28, 0, 500
528, 29, 0, 501
529, 29, 0, 502
530, 22, 0, 496
531, 26, 0, 494
532, 24, 0, 490
533, 20, 0, 482
534, 29, 0, 483
535, 31, 0, 486
536, 31, 0, 489
537, 27, 0, 488
538, 24, 0, 484
539, 26, 0, 482
540, 26, 0, 480
541, 27, 0, 479
542, 25, 0, 476
543, 20, 0, 468
544, 26, 0, 466
545, 16, 0, 454
546, 28, 0, 454
547, 25, 0, 451
548, 30, 0, 453
549, 25, 0, 450
550, 19, 0, 441
551, 25, 0, 438
552, 25, 0, 435
553, 17, 0, 424
554, 29, 0, 425
555, 23, 0, 420
556, 27, 0, 419
557, 24, 0, 415
558, 20, 0, 407
559, 24, 0, 403
560, 21, 0, 396
561, 24, 0, 392
562, 15, 0, 379
563, 28, 0, 379
564, 26, 0, 377
565, 29, 0, 378
566, 26, 0, 376
567, 24, 0, 372
568, 25, 0, 369
569, 39, 0, 380
570, 17, 0, 369
571, 18, 0, 359
572, 27, 0, 358
573, 26, 0, 356
574, 21, 0, 349
575, 21, 0, 342
576, 27, 0, 341
577, 32, 0, 345
578, 28, 0, 345
579, 24, 0, 341
580, 24, 0, 337
581, 30, 0, 339
582, 34, 0, 345
583, 33, 0, 350
584, 31, 0, 353
585, 29, 0, 354
586, 23, 0, 349
587, 25, 0, 346
588, 21, 0, 339
589, 25, 0, 336
590, 33, 0, 341
591, 24, 0, 337
592, 31, 0, 340
593, 35, 0, 347
594, 20, 0, 339
595, 24, 0, 335
596, 29, 0, 336
597, 29, 0, 337
598, 32, 0, 341
599, 22, 0, 335
